{
  "n_ts": 740,
  "n_va": 740,
  "ts_mae": 0.9875675675675676,
  "ts_sd_abs_error": 1.9716411707302541,
  "ts_se_mae": 0.07247897091215182,
  "ts_ci95_mae": [
    0.84550878457975,
    1.1296263505553852
  ],
  "va_mae": 15.784324324324324,
  "va_sd_abs_error": 8.645995119892792,
  "va_se_mae": 0.31783310173484425,
  "va_ci95_mae": [
    15.161371444924029,
    16.407277203724618
  ]
}